﻿<modification>
	<name>Ordered Options by Sort Order</name>
	<code>ordered-options-sort-order</code>
    <version>1.0</version>
    <author>REDS</author>
	<link>http://www.agenciaprai.com/</link>
	
<!-- ORDER OPTIONS IN ADMIN CONTROL PANEL -->
	<file path="admin/model/catalog/option.php">
	<!-- Order Select List When editing Options -->
		<operation error="skip">
			<search><![CDATA["' ORDER BY ov.sort_order, ovd.name"]]></search>
			<add position="replace"><![CDATA["' ORDER BY ov.sort_order ASC, ovd.name ASC"]]></add>
		</operation>
		<operation error="skip">
			<search><![CDATA[
			$option_value_description_query = $this->db->query("SELECT * FROM " . DB_PREFIX . "option_value_description WHERE option_value_id = '" . (int)$option_value['option_value_id'] . "'");
			]]></search>
			<add position="replace"><![CDATA[
			$option_value_description_query = $this->db->query("SELECT * FROM " . DB_PREFIX . "option_value_description WHERE option_value_id = '" . (int)$option_value['option_value_id'] . "' ORDER BY name ASC");			
			]]></add>
		</operation>
	</file>
	
	<!-- Order Options When editing Products -->
	<file path="admin/model/catalog/product.php">
		<operation error="skip">
			<search><![CDATA[
			$product_option_value_query = $this->db->query("SELECT * FROM " . DB_PREFIX . "product_option_value WHERE product_option_id = '" . (int)$product_option['product_option_id'] . "'");
			]]></search>
			<add position="replace"><![CDATA[
			$product_option_value_query = $this->db->query("SELECT * FROM " . DB_PREFIX . "product_option_value pov LEFT JOIN " . DB_PREFIX . "option_value ov ON (pov.option_value_id = ov.option_value_id) LEFT JOIN " . DB_PREFIX . "option_value_description ovd ON (ov.option_value_id = ovd.option_value_id) WHERE pov.product_option_id = '" . (int)$product_option['product_option_id'] . "' AND ovd.language_id = '" . (int)$this->config->get('config_language_id') . "' ORDER BY ov.sort_order ASC, ovd.name ASC");
			]]></add>
		</operation>
	</file>
	
<!-- ORDER OPTIONS ON PRODUCT PAGE IN THE STORE -->
	<file path="catalog/model/catalog/product.php">
		<operation error="skip">
			<search><![CDATA[ORDER BY ov.sort_order]]></search>
			<add position="replace"><![CDATA[ORDER BY ov.sort_order ASC, ovd.name ASC]]></add>
		</operation>
	</file>
	
</modification>
